SMILES,CID,Unnamed: 0,MW,LogP,MR,TPSA,NumAromaticRings,FractionCSP3,NumValenceElectron,MaxCharge,MinCharge,BertzCT,BalabanJ,LabuteASA
Cc1cc2c(cc1)C(=O)C=C(C2=O)C,101211,-1.716516405813988,-0.8444515063339685,0.20790594175198962,-0.4078526149092381,-0.811015184325533,-0.07258942372018332,0.33066661914412415,-0.5548050724030335,-0.8788750083938349,0.9092341253533839,-0.2626050638358825,0.09956887277677556,-0.6114514112263513
c1cc(c2C(=O)C=CC(=O)c2c1O)O,10141,-1.6853070166173698,-0.7878601639498578,-0.8594766656471698,-0.7358030102959711,0.5300444083537852,-0.07258942372018332,-0.7662233789501038,-0.5548050724030335,-0.8458081097416463,-1.406246928626801,-0.4230701486375544,0.3902341142203103,-0.7296757159695257
Cc1c(c2c(c(c1CC(=O)C)O)C(=O)C(=CC2=O)OC)O,10149,-1.654097627420752,0.6486904003173908,-0.5161915872553171,0.6291508795398522,1.4017662889139944,-0.07258942372018332,0.9888006180006613,1.14639280153997,0.5789596717841616,-1.4031516049815966,0.7441447033339305,0.3481467778758784,0.8170763051059109
CC1=C(c2ccccc2C(=O)C1=O)O,10221,-1.6228882382241339,-0.8161558351419134,-0.27243778950246245,-0.5491003559141442,-0.14048538798587387,-0.07258942372018332,-0.16791974362597933,-0.5548050724030335,0.6391250566393698,-1.4033076317649575,-0.2545073688789277,0.2853700514507591,-0.6705635635979385
c1ccc(cc1)C1=C(C(=O)C(=C(C1=O)O)c1ccccc1)O,11056,-1.591678849027516,0.6776604612386686,0.835142056195419,1.1380825982953422,0.5300444083537852,0.9345888303973613,-0.7662233789501038,1.0613329078428198,0.5887382952128878,-1.36823385561241,0.8741944059371659,-1.0897558208759073,1.042790324259723
CC1=CC(=O)C=CC1=O,11122,-1.560469459830898,-1.7640177739228413,-1.184752585296278,-1.5339368521726935,-0.811015184325533,-1.0797676778377279,0.1739680479878058,-1.5755237967688356,-1.1456941093745774,0.9018135598305607,-1.2765230983629123,0.6628271658216911,-1.7172065135882368
C1=CC(=O)C(=O)C=C1,11421,-1.52926007063428,-1.9652872363016252,-1.5082043728443717,-1.785272582784961,-0.811015184325533,-1.0797676778377279,-0.7662233789501038,-1.830703477860286,0.35388797456593285,0.9482421967655011,-1.5087082533285157,0.5438210310126687,-1.9567452065480284
CC1=CC(=O)C(=CC1=O)OC,11958,-1.4980506814376622,-1.3331831779732184,-1.2062275950309502,-1.2099276971793598,-0.5050838931631477,-1.0797676778377279,0.8791116181912388,-1.0651644345859346,0.18957308631953054,-1.2506871098610368,-1.0705955934620237,0.7265701646300874,-1.2852242887546328
C1=C(C(=O)C=C(C1=O)Cl)Cl,12011,-1.466841292241044,-0.9768040778732787,-0.5687763408218388,-1.263112667681458,-0.811015184325533,-1.0797676778377279,-0.7662233789501038,-1.320344115677385,-0.5604760298299809,0.920107655533211,-1.219468019946254,0.8570366864529498,-1.1812374703121686
C1=C(C(=O)C(=CC1=O)Cl)Cl,12771,-1.4356319030444262,-0.9768040778732787,-0.5687763408218388,-1.263112667681458,-0.811015184325533,-1.0797676778377279,-0.7662233789501038,-1.320344115677385,0.02122789252946889,0.9029305497829115,-1.2029908892523402,0.8939876870664982,-1.1812374703121686
CC(C)(C)C1=CC(=O)C=C(C1=O)C(C)(C)C,12867,-1.4044225138478081,-0.3551315372713555,0.8404486223074621,0.2177920790320214,-0.811015184325533,-1.0797676778377279,2.9945423288015363,0.21073397087131807,-0.9909911236306644,0.9019414124150813,-0.7065747044941592,1.3132849844836387,-0.04043566286969397
c1cc2c(cc1O)C(=O)c1c(C2=O)ccc(c1O)O,1320,-1.3732131246511903,0.16000177483107042,-0.40692607440454076,0.19892420720394816,1.200574204693444,0.9345888303973613,-0.7662233789501038,0.46591365196276857,-0.5745027445009008,-1.41460380322549,0.8847457222231925,-0.6398783140997152,0.3169672340207723
Cc1c(c(c2c(c1)C(=O)c1ccccc1C2=O)O)C,1382,-1.3420037354545722,0.10341043244695933,0.5927314829896756,0.5334070452316749,-0.14048538798587387,0.9345888303973613,0.05644411962056746,0.46591365196276857,-0.5838976890162881,-1.4032043054921088,0.8689182925412389,-0.5662662204405785,0.4351915387639473
Cc1cccc2-c3c(C(=O)C(=O)c12)cc(cc3)C(C)C,138485,-1.3107943462579543,0.27638422363368775,1.736943217879752,0.9948805682003387,-0.811015184325533,0.9345888303973613,0.6962966185088673,0.7210933330542191,0.6522189764066069,0.9560271730592284,0.8572980602505801,-0.7196649024595858,0.7338423840953254
c1ccc(cc1)NC1=C(C(=O)c2ccccc2C1=O)Cl,14161,-1.2795849570613365,0.554605858732041,1.2922529776905853,0.9231162420868109,-0.41227700093620534,0.9345888303973613,-0.7662233789501038,0.6360334393570689,-0.1273993070607253,0.2533672330284918,0.8411229246013455,-1.3228458834525116,0.8254302115429273
CC(C)C1=C(C(=O)c2ccccc2C1=O)Br,156136,-1.2483755678647184,0.4888743832093206,1.0787466067763738,0.26155944472668463,-0.811015184325533,-0.07258942372018332,0.7525473876419043,-0.044445710220132446,-0.4853594127372188,0.9130114041925597,-0.07637767692340527,0.06768488494395461,0.14997957365225378
Cc1cc(c(c(c1)C(=O)O)C1=CC(=O)c2c(C1=O)cccc2O)OC,156388,-1.2171661786681005,1.3380601907591312,0.6636902217191448,1.5430668235260028,1.4017662889139944,0.9345888303973613,-0.07345074857480201,1.8268719511171714,4.138026402308735,-1.4062989276594935,1.800783842856049,-0.7698343909033701,1.6573401440019981
Cc1c(c(c2c(c1)C(=O)C(=CC2=O)OC)O)C(=O)C,158739,-1.1859567894714824,0.2178558043677669,-0.2131369132003871,0.30006275039314645,0.7312364925743357,-0.07258942372018332,0.6440637614567607,0.6360334393570689,0.45163189216154487,-1.398002426682382,0.4997930984875193,0.31653077312102107,0.39711107155791475
CC(=O)Oc1cccc2c1C(=O)c1c(C2=O)cccc1OC(=O)C,16068,-1.1547474002748646,1.1367907283803478,0.20150489637933797,1.1583005082692202,0.9324285767948857,0.9345888303973613,-0.03496338022061828,1.5716922700257208,3.167031812176366,-0.5429337712555712,1.2656901821295201,-0.9119535816589638,1.4319594966482807
CC1=C(C(=O)c2ccccc2C1=O)C,16615,-1.1235380110782465,-0.8444515063339693,0.275630991756933,-0.41438505755023214,-0.811015184325533,-0.07258942372018332,0.33066661914412415,-0.5548050724030335,-0.870142432459932,0.912413787217821,-0.4407439064608452,0.1823701449626713,-0.6114514112263513
CN(C)C1=CC(=O)c2ccccc2C1=O,16870,-1.0923286218816286,-0.6290055109238711,-0.46305959405849095,-0.2295169308100847,-0.7036243518914995,-0.07258942372018332,0.33066661914412415,-0.29962539131158294,-0.18584795292716458,0.004654673232114697,-0.24178094670728947,-0.14320842646281604,-0.39468541332267476
COC1=CC(=O)c2ccccc2C1=O,16871,-1.0611192326850107,-0.8161558351419134,-0.3927475930739272,-0.5930473637814349,-0.5050838931631477,-0.07258942372018332,-0.16791974362597933,-0.5548050724030335,0.44645065509421517,-1.2504458505630849,-0.3598585259803098,-0.09523958177225404,-0.6585465723123304
CC(C)(C)C1=CC(=O)C(=CC1=O)C(C)(C)C,17161,-1.0299098434883927,-0.3551315372713555,0.8404486223074621,0.2177920790320214,-0.811015184325533,-1.0797676778377279,2.9945423288015363,0.21073397087131807,-1.10762464528464,0.9053606547166824,-0.7230518351880729,1.1602132141619708,-0.04043566286969397
c1ccc2c(c1)C(=O)C(=C(C2=O)Cl)N,17748,-0.9987004542917747,-0.5373028564672653,-0.4932406888207332,-0.48556690752827125,0.05142600701198179,-0.07258942372018332,-0.7662233789501038,-0.5548050724030335,-0.14652521370069438,-0.20610952818075268,-0.400373827927466,0.18237014496267426,-0.5018130954211594
Cc1c(c2c(c(c1C[C@@H](C)O)O)C(=O)C(=CC2=O)OC)O,186116,-0.9674910650951568,0.6776174150857389,-0.6888208160877013,0.6835770141437385,1.5065054958558293,-0.07258942372018332,1.427556617238353,1.23145269523712,0.5789523948450932,-1.4031538132057033,0.5705885652310551,0.28228691940062955,0.8408878212914506
CC(C)(C)C1=CC(=O)C=CC1=O,19211,-0.9362816758985388,-1.16020938678649,-0.3338778752684552,-0.7837402518764691,-0.811015184325533,-1.0797676778377279,1.8663126164760446,-0.809984753494484,-1.117761244737201,0.9018197376907555,-1.0030850516695968,0.8908648447010855,-0.9985904347088612
c1ccc2c(c1)C(=O)c1c(ccc(c1C2=O)NCCO)NCCO,20549,-0.9050722867019209,1.1664064815955615,-0.6626362289285918,1.6228116170659452,1.32752077513244,0.9345888303973613,0.6962966185088673,1.741812057420021,-0.6377251223692912,-0.20964656355781,0.842972545297014,-1.0454689507754915,1.5124232967822575
COc1ccc(cc1)c1cc(c2c(c1O)C(=O)c1c(ccc(c1C2=O)O)N)N,20826,-0.8738628975053029,1.8840719432293578,0.5336627689550005,2.3300247447844216,2.5608580821912,1.9417670845149058,-0.4528262366374673,2.4222912069972224,-0.5049783108967998,-1.4062651281292586,2.618580772324445,-1.460808085103258,2.2897878102955347
Cc1c(c2c(cc1)C(=O)c1ccccc1C2=O)Nc1ccccc1,21062,-0.8426535083086849,0.9799305471067412,2.026814391750076,1.803036265828784,-0.41227700093620534,1.9417670845149058,-0.4528262366374673,1.4015724826314204,-0.6396592093329015,0.21391789795351288,1.8265869024607861,-1.6285126610991927,1.5434314457868823
CCCCC[C@@H](c1c(cc2c(c1O)C(=O)c1c(cc(cc1C2=O)O)O)O)O,22049,-0.8114441191120669,1.8267488162454524,0.6869727805357331,1.8737662885241546,2.5416337973727616,0.9345888303973613,1.2081786176195073,2.5073511006943727,-0.456183510261007,-1.4130766259108487,1.7099826067009152,-1.1141546180735777,2.1150524729559304
c1cc(c2c(c1O)C(=O)c1c(ccc(c1C2=O)O)Cl)Cl,23271,-0.780234729915449,0.9189197996885761,0.9207104347521049,0.6537564134875984,0.5300444083537847,0.9345888303973613,-0.7662233789501038,0.7210933330542191,-0.5262041001810618,-1.4062746332811475,0.5593408526829484,-0.4192375374262086,0.9120484296684274
c1cc2c(c(c1)O)C(=O)c1c(C2=O)cccc1O,2950,-0.7490253407188311,-0.06956335873976907,-0.162824033250584,0.10829745296454964,0.5300444083537847,0.9345888303973613,-0.7662233789501038,0.21073397087131807,-0.45695207402195137,-1.406294295429825,0.46331642600370093,-0.5593149028270763,0.13654069343256814
CN(C)CCCNC1=C(C(=O)c2ccccc2C1=O)Cl,31108,-0.7178159515222131,0.684490450836751,-0.01017734243385949,0.9834868994940031,-0.30488616850217215,-0.07258942372018332,1.427556617238353,0.9762730141456696,-0.13938271557767629,-0.06026887031666139,0.19785271820429395,-1.1100980028409404,0.9205484494298923
COC1=C(C(=O)c2ccccc2C1=O)OC,3136,-0.6866065623255951,-0.3853212391922903,-0.41422260280859957,-0.26903820878810203,-0.19915260200076235,-0.07258942372018332,0.33066661914412415,-0.044445710220132446,0.581057010233703,-1.2185418601560778,-0.31498158432267287,0.038237923039214194,-0.22656434747872614
Cc1c(c2c(cc1)C(=O)c1ccccc1C2=O)N(=O)=O,31426,-0.6553971731289772,0.31822508428076357,0.5049907289308717,0.5471578369909685,0.6188738623424299,0.9345888303973613,-0.32746737971241296,0.6360334393570689,2.351577338477546,0.9166017481513717,1.0771733441205962,-0.565133763369014,0.5666774558242388
CC(C)(C)NC1=CC(=O)c2ccccc2C1=O,31903,-0.6241877839323592,-0.22646658616630366,0.2222336702545041,0.27139621460358243,-0.41227700093620534,-0.07258942372018332,1.1141594749257162,0.21073397087131807,-0.191723392956409,-0.024887967403262448,-0.039921641193028184,-0.5107738820497426,0.07648989044849314
CCOC1=CC(=O)C(=CC1=O)NC(=O)C,32263,-0.5929783947357412,-0.5145601390030627,-1.6508183371055154,-0.5153276274602018,0.4594448796240037,-1.0797676778377279,1.2081786176195073,-0.1295056039172826,0.2520712340900246,-1.220030718721217,-0.62644683657949,0.40798235246446873,-0.4406679626771233
CC1=C(C(=O)C(=C(C1=O)Br)C(C)C)Br,34474,-0.5617690055391232,1.1039034675425214,0.8644110849071547,0.07309847453399002,-0.811015184325533,-1.0797676778377279,1.8663126164760446,-0.29962539131158294,-0.5963524675333599,0.9189551440660588,-0.640042076026517,1.5282003702705074,0.045194149128764495
c1ccc2c(c1)C(=O)C(=C(C2=O)CCl)CCl,35853,-0.5305596163425054,0.14403165209437707,0.638633279858844,0.13499336855741395,-0.811015184325533,-0.07258942372018332,0.33066661914412415,-0.044445710220132446,-0.817029577613953,0.9130612697331818,-0.2985044536287594,0.03823792303921221,0.16405632500950854
c1cc2c(C(=O)C=CC2=O)c(c1)O,3806,-0.49935022714588734,-1.0174252975206972,-0.6153746244932125,-0.8264297645353696,-0.14048538798587387,-0.07258942372018332,-0.7662233789501038,-0.809984753494484,-0.8506780534525556,-1.4062989976895734,-0.4167242133226126,0.23836617422560627,-0.910102256557731
CC1=CC(=O)c2ccccc2C1=O,4055,-0.4681408379492694,-1.0457209687127529,-0.04782079579116161,-0.6657207881624999,-0.811015184325533,-0.07258942372018332,-0.16791974362597933,-0.809984753494484,-0.8792163909320888,0.9092340948726839,-0.4263002761889483,0.09004779559749441,-0.8509901041861432
CCOC1=C(C(=O)c2ccccc2C1=O)Cl,43050,-0.43693144875265144,-0.1206447935489564,0.4004182104854337,-0.08063167561741633,-0.5050838931631477,-0.07258942372018332,0.33066661914412415,-0.044445710220132446,0.500928921749259,-1.2046935998124686,-0.11624632833031728,-0.14557308530657878,-0.03125401123460934
C1=CC(=O)c2c(C1=O)c(c(c(c2O)Cl)Cl)O,4407,-0.40572205955603347,0.2006229944784882,0.2240578023555189,-0.19034404977292113,0.5300444083537852,-0.07258942372018332,-0.7662233789501038,-0.044445710220132446,-0.8437806911992962,-1.388895681804685,-0.07945054688965504,0.635686747132544,0.04583202026633357
C1=CC(=O)C=CC1=O,4650,-0.37451267035941554,-1.9652872363016252,-1.5082043728443717,-1.785272582784961,-0.811015184325533,-1.0797676778377279,-0.7662233789501038,-1.830703477860286,-1.2445550081602277,0.9016980706102827,-1.5746167761041705,0.3932459638090374,-1.9567452065480284
c1ccc(cc1)C(=O)NC1=CC(=O)c2ccccc2C1=O,4882,-0.34330328116279757,0.46227186069914294,0.25697509526928275,0.8712649786239169,0.15351358846161864,0.9345888303973613,-0.7662233789501038,0.8061532267513692,1.3809193823561305,0.5981907670290113,1.0078720549822178,-1.6812988437752918,0.8338300607874541
CC(=CC[C@@H](C1=CC(=O)c2c(ccc(c2C1=O)O)O)O)C,5208,-0.3120938919661796,0.6203947291253348,0.042142082827060716,0.8427508664959742,1.200574204693444,-0.07258942372018332,0.8791116181912388,1.14639280153997,-0.6478611678952163,-1.406246894272795,0.6063279181253807,-0.4246827923984101,0.8620304118714247
c1ccc(cc1)CSC1=C(C(=O)c2ccccc2C1=O)Cl,52589,-0.2808845027695616,1.0005496543597756,1.9732346570375465,1.340773406041003,-0.811015184325533,0.9345888303973613,-0.37908573256390565,0.8912131204485194,-0.30567812509348374,0.9231655981718072,0.9039145218307238,-1.6678099737244214,1.2370788453170927
C1(=C(C(=O)C(=C(C1=O)O)O)O)O,5424,-0.24967511357294367,-1.047026702018268,-1.8872921894734114,-1.4430161380144502,1.8711040010331035,-1.0797676778377279,-0.7662233789501038,-0.809984753494484,1.8561221334493794,-1.3447068866292495,-1.0669470822477345,1.4848983780958416,-1.2350390441952113
CC1=C(C(=O)C(=C(C1=O)O)OC)O,66556,-0.21846572437632572,-0.8740529108315399,-1.39577150334547,-1.0387994747941045,0.8359756995161706,-1.0797676778377279,0.8791116181912388,-0.5548050724030335,1.7379841655269475,-1.3699618373423543,-0.755535845963782,1.43204394204934,-0.9243712075782233
C1(=C(C(=O)C(=C(C1=O)Cl)O)Cl)O,66604,-0.18725633517970777,-0.5176738107316001,-0.7583202491363586,-1.0919844452962024,0.5300444083537852,-1.0797676778377279,-0.7662233789501038,-0.809984753494484,0.9885329922191806,-1.3616050101479389,-1.0442507615376462,1.4848983780958416,-0.8203843891357592
c1ccc(cc1)C(=O)Nc1c2c(c(cc1)Cl)C(=O)c1ccccc1C2=O,6679,-0.1560469459830898,1.6748102451234061,1.9054930240135037,2.0721456841267583,0.15351358846161864,1.9417670845149058,-0.7662233789501038,1.8268719511171714,1.3779240751449626,0.569061831222229,2.236395317285566,-1.8145039821829825,2.0878003383074777
Cc1ccc(cc1)Nc1c2c(c(cc1)O)C(=O)c1ccccc1C2=O,6680,-0.12483755678647183,1.2094956806775814,1.7827123505961204,1.8936630200681848,0.25825279540345375,1.9417670845149058,-0.4528262366374673,1.656752163722871,-0.5815360000260476,-1.4062652003109015,2.013714999517693,-1.7141756827221464,1.7238579863750882
c1ccc2c(c1)C(=O)c1c(C2=O)c(c(cc1Br)Br)N,6681,-0.09362816758985389,1.9508652238576618,1.2434159864406935,1.0055719993227648,0.05142600701198179,0.9345888303973613,-0.7662233789501038,0.46591365196276857,-0.6378382635361994,-0.23776569879499485,0.91609198238094,-0.5008411626856848,1.0204340297006294
c1ccc2c(c1)C(=O)c1c(C2=O)c(c(cc1O)O)N,6682,-0.06241877839323592,0.14588263667032866,-0.5092433022523614,0.34849536887392013,1.3924855996913001,0.9345888303973613,-0.7662233789501038,0.46591365196276857,-0.5813776779175748,-1.4047329424681747,0.8996148516870264,-0.5008411626856848,0.33750252703941425
c1ccc2c(c1)C(=O)c1c(C2=O)c(c(cc1Nc1cc(c(cc1)N)S([O])([O])O)S([O])([O])O)N,6689,-0.03120938919661796,3.507184534291285,1.6213429917327247,3.098931349544891,5.292032339155505,1.9417670845149058,-0.7662233789501038,3.6981896124544753,-0.6364028599739284,-0.24277750967888775,3.3001450958660747,-1.5216441941676115,3.442170455138805
c1ccc(cc1)Oc1cccc2c1C(=O)c1c(C2=O)c(ccc1)Oc1ccccc1,6699,0.0,2.1142540716588463,3.297554562374166,2.8139480956293004,-0.19915260200076235,2.9489453386324502,-0.7662233789501038,2.592410994391523,-0.5783493580725629,-0.8687821253953154,2.5910864064548615,-2.3436191867395766,2.7992571256351253
c1ccc2c(c1)C(=O)c1c(C2=O)c(ccc1)N(=O)=O,6704,0.03120938919661796,0.11695562190197961,0.24926399138772118,0.2892896637377059,0.6188738623424299,0.9345888303973613,-0.7662233789501038,0.3808537582656184,2.253591502954775,0.9166017152971304,0.8975954763562437,-0.6410275966637696,0.32713876286444743
c1ccc2c(c1)C(=O)c1c(C2=O)c(ccc1)S([O])([O])O,6713,0.06241877839323592,0.6201221034901171,0.5969269868220087,0.46372765706106645,1.1786982943828075,0.9345888303973613,-0.7662233789501038,0.7210933330542191,-0.6663143952167718,0.7892829490338431,0.8836250266460157,-0.6807586878901182,0.6438646298051683
c1cc2c3c(c1)C(=O)C(=O)c3ccc2,6724,0.09362816758985389,-0.9023055358706661,0.12373053679971406,-0.461636392653427,-0.811015184325533,0.9345888303973613,-0.7662233789501038,-0.7249248597973338,0.6439197546470884,0.9560275333599181,0.008984803009690557,-0.07222604559374608,-0.690050205264523
CCc1cc2c(cc1)C(=O)c1ccccc1C2=O,6772,0.12483755678647183,-0.12615470112387978,0.791694546153071,0.43755433687948125,-0.811015184325533,0.9345888303973613,0.05644411962056746,0.21073397087131807,-0.7112641618693147,0.9165512716064731,0.5667593832639053,-0.8500684958345464,0.2547649981757431
C(#N)C1=C(C(=O)C(=C(C1=O)Cl)Cl)C#N,6775,0.1560469459830898,-0.2590812213689111,-0.7449211697034512,-0.7670825231419341,0.7660390771594385,-1.0797676778377279,-0.7662233789501038,-0.6398649661001836,0.09221497529777314,0.9365337241539979,-0.35635580360004526,1.9115416521861877,-0.37153876004751685
c1ccc2c(c1)C(=O)c1ccccc1C2=O,6780,0.18725633517970777,-0.5286936258814473,0.32538004905733164,-0.07295605551424776,-0.811015184325533,0.9345888303973613,-0.7662233789501038,-0.29962539131158294,-0.7116116066106378,0.9165512409294684,-0.10225283831658316,-0.671075883327559,-0.22431238774384132
C1(=C(C(=O)C(=C(C1=O)Br)Br)Br)Br,68101,0.21846572437632572,2.5629384723563984,0.8883735475068455,-0.0715951299640414,-0.811015184325533,-1.0797676778377279,-0.7662233789501038,-0.809984753494484,-0.20025991481069652,0.9296627412724024,-1.044250761537646,1.4848983780958416,0.13082396112722294
CC1=C(C(=O)C(=C(C1=O)C)C)C,68238,0.24967511357294367,-1.16020938678649,-0.2143972226519972,-0.779929660335889,-0.811015184325533,-1.0797676778377279,1.8663126164760446,-0.809984753494484,-1.0287032248131676,0.9082803325969784,-1.084246961143053,1.4848983780958416,-0.9985904347088618
C1(=C(C(=O)C(=C(C1=O)F)F)F)F,68239,0.2808845027695616,-0.9327535147091763,-0.5225097175324678,-1.7741674302952697,-0.811015184325533,-1.0797676778377279,-0.7662233789501038,-0.809984753494484,1.3915394697037118,0.9745069821487417,-1.044250761537646,1.4848983780958416,-1.329680961210877
COC1=CC(=O)C=C(C1=O)OC,68262,0.3120938919661796,-1.1036180444023793,-1.551154392313716,-1.1372542727982944,-0.19915260200076235,-1.0797676778377279,0.8791116181912388,-0.809984753494484,1.6020336005535925,-1.2492352933858637,-1.118497793608591,0.7252242221861896,-1.0927807568808194
c1ccc2c(c1)C(=O)c1c(C2=O)c(ccc1)F,68436,0.34330328116279757,-0.2705601954833354,0.44071494689875645,-0.07524241043859596,-0.811015184325533,0.9345888303973613,-0.7662233789501038,-0.044445710220132446,-0.6107542684990268,0.9165718248040365,0.527521599903708,-0.6146501914630608,-0.06754632640955344
C1=CC(=O)C(=CC1=O)Cl,69671,0.37451267035941554,-1.4710456570874517,-1.0384903568331052,-1.524192625233209,-0.811015184325533,-1.0797676778377279,-0.7662233789501038,-1.5755237967688356,-0.6113771466823026,0.9023142125956823,-1.2594622263866313,0.6628271658216911,-1.5689913384300986
c1ccc(cc1)C1=CC(=O)C(=CC1=O)c1ccccc1,70055,0.40572205955603347,0.21853019409698965,1.0246859645099393,0.9669543759100864,-0.811015184325533,0.9345888303973613,-0.7662233789501038,0.5509735456599187,-0.9568668896897381,0.9093744777770884,0.5193094638578012,-1.4570996753533745,0.6819372430833145
CC(=O)NC1=C(C(=O)c2ccccc2C1=O)Cl,72754,0.43693144875265144,0.06587418709279229,-0.3461493094025537,0.03862350849614105,0.15351358846161864,-0.07258942372018332,-0.21777837990298987,0.1256740771741679,0.2066889841074201,0.5646884672397681,0.18086985422460986,-0.16116021032864664,0.141781397049504
c1cc2c(-c3c(cccn3)C(=O)C2=O)nc1,72810,0.4681408379492694,-0.5003405598188205,-0.453524358075915,-0.270018075184252,0.0434711305353869,0.9345888303973613,-0.7662233789501038,-0.29962539131158294,0.7008984807346651,0.9567232857197754,0.13783303930990046,-0.52401243774799,-0.28304803665722633
c1ccc2c(c1)C(=O)C=C(C2=O)N,72909,0.49935022714588734,-1.0315444356814392,-0.9629547048319996,-0.7466468650800228,0.05142600701198179,-0.07258942372018332,-0.7662233789501038,-0.809984753494484,-0.19937299861102337,-0.2191132095977409,-0.40638574063295957,0.09004779559749244,-0.8895669635390896
C1(=C(C(=O)C(=O)C(=C1Cl)Cl)Cl)Cl,73252,0.5305596163425054,0.011679080555067653,0.3706516912006941,-0.7409527525779556,-0.811015184325533,-1.0797676778377279,-0.7662233789501038,-0.809984753494484,1.0958727109252853,0.9675598033979115,-0.9916033669957453,1.6038027661670695,-0.40572973407630886
CC(=O)OC1=CC(=O)c2ccccc2C1=O,74513,0.5617690055391232,-0.4142482539606389,-0.46181586762598115,-0.3340904500880071,0.060706696234676304,-0.07258942372018332,-0.21777837990298987,-0.1295056039172826,3.1709546121756444,-0.505173708837275,-0.02218266874931209,-0.4013037499844003,-0.26239285494987385
c1ccc2c(c1)C(=O)C=C(C2=O)Br,74944,0.5929783947357412,-0.11493400392703046,0.22787189674854944,-0.4886371555695385,-0.811015184325533,-0.07258942372018332,-0.7662233789501038,-0.809984753494484,-0.4953518308859445,0.9095851443188767,-0.40638574063295957,0.09004779559749244,-0.5686365052271221
CC1=CC(=O)C(=CC1=O)N(CCCl)CCCl,75093,0.6241877839323592,0.24498922943073798,-0.26663373281741604,0.2056526231241724,-0.7036243518914995,-1.0797676778377279,2.225294797670519,0.21073397087131807,-0.442245183744537,0.09494924802197462,-0.7248464636784564,0.5255480639490189,0.23322199239046654
C1(=C(C(=O)C(=O)C(=C1Br)Br)Br)Br,75521,0.6553971731289772,2.5629384723563984,0.8883735475068455,-0.0715951299640414,-0.811015184325533,-1.0797676778377279,-0.7662233789501038,-0.809984753494484,0.9189041354503815,0.9628733748903597,-0.9916033669957453,1.6038027661670695,0.13082396112722294
c1c(c2c(c(c1O)O)C(=O)C(=O)C=C2O)O,75583,0.6866065623255951,-0.3287298968081796,-1.328195700512428,-0.5285558238082164,1.871104001033103,-0.07258942372018332,-0.7662233789501038,-0.044445710220132446,0.7666094572865522,-1.4047521531224045,0.09868829573530913,0.5517445185213213,-0.36882263479311733
c1ccc2cc3c(cc2c1)C(=O)c1cc2ccccc2cc1C3=O,76415,0.7178159515222131,0.9078999845387301,2.2377338116846675,1.832992959039947,-0.811015184325533,2.9489453386324502,-0.7662233789501038,1.23145269523712,-0.7100732318526066,0.9165596921578547,1.9358582104679618,-1.7943670947062764,1.4828944268461384
COC1=C(C(=O)C=CC1=O)OC,76565,0.7490253407188311,-1.1036180444023793,-1.551154392313716,-1.1372542727982944,-0.19915260200076235,-1.0797676778377279,0.8791116181912388,-0.809984753494484,0.31514395511564663,-1.2187172096460899,-1.1267363589555477,1.0208488129259312,-1.0927807568808194
CC(C)(C)C1=CC(=O)C(=O)C(=C1)C(C)(C)C,76915,0.780234729915449,-0.3551315372713555,0.8404486223074621,0.2177920790320214,-0.811015184325533,-1.0797676778377279,2.9945423288015363,0.21073397087131807,0.481088683305905,0.948497652753648,-0.5582805282489356,1.4279988708398301,-0.04043566286969397
C1(=C(C(=O)C(=C(C1=O)Cl)N)Cl)N,77512,0.8114441191120669,-0.5459120870530837,-1.7521405838073276,-0.9222933602919664,0.9138671983494966,-1.0797676778377279,-0.7662233789501038,-0.809984753494484,0.29197044113013787,-0.20579783768701176,-1.0277736308437324,1.4848983780958416,-0.7793138030984764
C1=CC(=O)C(=CC1=O)I,77570,0.8426535083086849,-0.1588410799147027,-0.8758109394608007,-1.0796054664915176,-0.811015184325533,-1.0797676778377279,-0.7662233789501038,-1.5755237967688356,-0.79093850823912,0.9021346139464589,-1.2594622263866313,0.6628271658216911,-1.2318437943133815
CCCCC1=CC(=O)C=CC1=O,77863,0.8738628975053029,-1.16020938678649,-0.2143972226519972,-0.779929660335889,-0.811015184325533,-1.0797676778377279,1.8663126164760446,-0.809984753494484,-1.1360610369396154,0.9018156188362596,-1.120231356854799,-0.07481787379180711,-0.9985904347088612
C1(=C(C(=O)C(=C(C1=O)Br)O)Br)O,78078,0.9050722867019209,0.7579558851690654,-0.49945932098328305,-0.757305633989246,0.5300444083537852,-1.0797676778377279,-0.7662233789501038,-0.809984753494484,0.8245067319648952,-1.3643599306614524,-1.0442507615376462,1.4848983780958416,-0.5521075415339939
C1=CC(=O)C(=C(C1=O)C#N)C#N,78362,0.9362816758985388,-1.247564379797257,-1.684349201725984,-1.2892424382454364,0.7660390771594385,-1.0797676778377279,-0.7662233789501038,-1.1502243282830846,-0.5928449268081519,0.918034252246325,-0.6887690272116821,1.5613872358466385,-1.1470464962833762
COC1=C(C(=O)C(=C(C1=O)Cl)OC)Cl,81630,0.9674910650951568,-0.11513488597403261,-0.6117263602911831,-0.6150943576947921,-0.19915260200076235,-1.0797676778377279,0.8791116181912388,-0.29962539131158294,0.9962639625290061,-1.2358415343424085,-0.8214786330764453,1.4107114755258425,-0.31727302064495966
c1ccc2c(c1)C(=O)c1c(C2=O)c(c(cc1O)Br)N,8320,0.9987004542917747,1.0483739302639947,0.3670863420941657,0.6770336840983424,0.7219558033516409,0.9345888303973613,-0.7662233789501038,0.46591365196276857,-0.5814986891707382,-1.4058167910251254,0.9129823873728528,-0.5008411626856848,0.6789682783700216
COc1c2c(c(cc1)N)C(=O)c1ccccc1C2=O,8321,1.0299098434883927,0.1175869654782731,-0.01390852173138955,0.5239132285934298,0.3573572981743671,0.9345888303973613,-0.32746737971241296,0.46591365196276857,-0.5812699559043891,-1.287280359695198,0.7759306278810278,-0.5921552803774669,0.40863167069660905
c1ccc2c(c1)C(=O)C(=C(C2=O)Br)Br,83259,1.0611192326850107,1.0171224232374751,0.8270163768363544,-0.06021779236430934,-0.811015184325533,-0.07258942372018332,-0.7662233789501038,-0.5548050724030335,-0.4558978522358878,0.9231019590283132,-0.40861239327442284,0.18237014496267426,-0.04674421330830893
c1ccc2c(c1)C(=O)C(=C(C2=O)Cl)Cl,8342,1.0923286218816286,-0.25850727266319,0.568155448683278,-0.39489660367126583,-0.811015184325533,-0.07258942372018332,-0.7662233789501038,-0.5548050724030335,-0.29268373578169016,0.9275787842662708,-0.40861239327442284,0.18237014496267426,-0.31502106091007537
C1(=C(C(=O)C(=C(C1=O)Cl)Cl)Cl)Cl,8371,1.1235380110782465,0.011679080555067653,0.3706516912006941,-0.7409527525779556,-0.811015184325533,-1.0797676778377279,-0.7662233789501038,-0.809984753494484,0.12602894087839,0.9386344933694147,-1.044250761537646,1.4848983780958416,-0.4057297340763083
c1cc2c(c(c1)N(=O)=O)C(=O)c1c(C2=O)c(ccc1)Cl,8510,1.1547474002748646,0.611197201116153,0.7910312253890658,0.5620191439992311,0.6188738623424299,0.9345888303973613,-0.7662233789501038,0.6360334393570689,2.2535920395364846,0.9172277529720647,1.0990071489145798,-0.5964751214324399,0.7148926309823775
c1cc2c(c(c1)N)C(=O)c1c(C2=O)cccc1N,8511,1.1859567894714824,-0.09780163506125222,-0.3674584889462244,0.4074397763044951,0.913867198349497,0.9345888303973613,-0.7662233789501038,0.21073397087131807,-0.5697813930562101,-0.24751019359595944,0.47979355669761464,-0.5593149028270763,0.17761127946985092
c1ccc2C(=O)C=CC(=O)c2c1,8530,1.2171661786681005,-1.2469904310915363,-0.37127258333925517,-0.9170565187747681,-0.811015184325533,-0.07258942372018332,-0.7662233789501038,-1.0651644345859346,-0.9780335796706706,0.909118364508855,-0.7389182672125709,0.095018733384404,-1.0905287971459352
c1ccc2c(c1)C(=O)c1cc(c(c(c1C2=O)O)O)S([O])([O])O,8534,1.2483755678647184,1.0792523706317962,0.10872290451409408,0.6449811655398626,2.5197578870621253,0.9345888303973613,-0.7662233789501038,1.23145269523712,-0.5791559381441581,-1.3695611766509372,1.2557846658534193,-0.6303688785612308,1.0047177109815772
c1ccc2c(c1)C(=O)c1c(C2=O)cc(cc1)Cl,8553,1.2795849570613365,-0.034452046667274284,0.8671472830586762,0.19977342474727702,-0.811015184325533,0.9345888303973613,-0.7662233789501038,-0.044445710220132446,-0.7097900986220617,0.9165513987266344,0.527521599903708,-0.7117964653164682,0.16344148037408937
c1ccc(cc1)SC1=CC(=O)C(=CC1=O)Sc1ccccc1,86928,1.3107943462579543,1.1387708514150847,2.007395676383821,1.6161703003809325,-0.811015184325533,0.9345888303973613,-0.7662233789501038,1.0613329078428198,-0.7319592076387764,0.9157042930085475,0.6744442284763164,-1.9956566579381034,1.443884956222581
CC1=CC(=O)C(=CC1=O)C,8718,1.3420037354545722,-1.5627483115440577,-0.8613007977481845,-1.282601121560425,-0.811015184325533,-1.0797676778377279,0.8791116181912388,-1.320344115677385,-1.1366382576235297,0.9049875934006167,-1.2462030913179065,0.8570366864529498,-1.477667820628445
C1=C(C(=O)C(=CC1=O)Br)Br,88175,1.3732131246511903,0.2988256180273864,-0.3099154126687631,-0.9284338563745009,-0.811015184325533,-1.0797676778377279,-0.7662233789501038,-1.320344115677385,-0.2791581670015877,0.9026297857172704,-1.2029908892523402,0.8939876870664982,-0.9129606227104022
COC1=CC(=O)C(=O)C=C1OC,88786,1.4044225138478081,-1.1036180444023793,-1.551154392313716,-1.1372542727982944,-0.19915260200076235,-1.0797676778377279,0.8791116181912388,-0.809984753494484,0.48991952106160747,-1.2528206783449143,-1.1349749243025047,0.7796231303015697,-1.0927807568808194
C1=C(C(=O)C=C(C1=O)NCCCl)NCCCl,90030,1.4356319030444262,0.25916576246205175,-1.249343444691296,0.1380636165986816,-0.013538817546877698,-1.0797676778377279,1.8663126164760446,0.21073397087131807,-0.3879096644097776,-0.061233623816996555,-0.8824826421545242,-0.02419852912232068,0.19464513303752123
C1CN1C1=C(C(=O)C(=C(C1=O)Cl)N1CC1)Cl,95714,1.466841292241044,0.20131173292535365,-1.160292632123582,-0.11819322080313559,-0.6114803660376069,-1.0797676778377279,1.8663126164760446,0.04061418347701773,0.3068399170659503,0.1207531956136462,-0.4191353907931682,-1.312501381117474,0.1347422522350195
C1CCN(CC1)c1cccc2c1C(=O)c1ccccc1C2=O,95936,1.4980506814376622,0.6641726666542204,1.1464882398004168,1.3458904861097827,-0.7036243518914995,0.9345888303973613,0.9657081969881516,1.14639280153997,-0.6401938542816517,0.04141165811273502,0.9960194208964078,-1.687047276707623,1.1522935524091278
CSC1=CC(=O)c2ccccc2C1=O,96324,1.52926007063428,-0.5856006400537049,0.20142198128383712,-0.23888009859551051,-0.811015184325533,-0.07258942372018332,-0.16791974362597933,-0.5548050724030335,-0.5170156407436779,0.9095888788372071,-0.3485103656252656,-0.09523958177225404,-0.4700162476165092
CC(C)(C)C1=CC(=O)c2ccccc2C1=O,96470,1.560469459830898,-0.44191258157640095,0.8030539142366628,0.08447581213372322,-0.811015184325533,-0.07258942372018332,1.1141594749257162,-0.044445710220132446,-0.8512884120892208,0.9092402873240402,-0.12048295010702974,-0.0988637169706976,-0.13237402530676792
c1ccc(cc1)C1=CC(=O)C=CC1=O,9688,1.591678849027516,-0.8733785211023175,-0.24175920416721652,-0.40915910343743706,-0.811015184325533,-0.07258942372018332,-0.7662233789501038,-0.6398649661001836,-0.9781033831947088,0.9019540094416598,-0.38025492731687266,-0.4536821975342869,-0.6374039817323572
C(#N)C1=C(C(=O)C(=C(C1=O)Br)Br)C#N,96899,1.6228882382241339,1.0165484745317543,-0.48606024155037547,-0.43240371183497694,0.7660390771594385,-1.0797676778377279,-0.7662233789501038,-0.6398649661001836,-0.07092904541845445,0.9320474863906959,-0.35635580360004526,1.9115416521861877,-0.10326191244575093
CC1=CC(=O)C(=CC1=O)NC(=O)C,97510,1.654097627420752,-0.9453947349526859,-1.629343327370843,-0.8393367824535347,0.15351358846161864,-1.0797676778377279,0.6962966185088673,-0.6398649661001836,0.20533307004246693,0.5513693972437851,-0.7459567508626459,0.5431551544950051,-0.8726501875107275
c1ccc2c(c1)C(=O)C(=C(C2=O)C#N)C#N,98547,1.6853070166173698,-0.5292675745871688,-0.5474174122208676,-0.42102637423524486,0.7660390771594385,-0.07258942372018332,-0.7662233789501038,-0.3846852850087331,-0.3265397476717246,0.9254827394474119,0.16968938945838904,0.3224817488396309,-0.2808300868812828
C1CN1C1=C(C(=O)C(=C(C1=O)F)N1CC1)F,99301,1.716516405813988,-0.27090456470676855,-1.6068733364901628,-0.6348005596617934,-0.6114803660376069,-1.0797676778377279,1.8663126164760446,0.04061418347701773,0.939398738572212,0.1337394836316603,-0.4191353907931682,-1.312501381117474,-0.3272333613322656
